RK,TIERS,PLAYER NAME,TEAM,POS,BYE WEEK,SOS SEASON,ECR VS. ADP
1,1,Josh Allen,BUF,QB1,12,1 out of 5 stars,-
2,1,Jalen Hurts,PHI,QB2,5,2 out of 5 stars,-
3,1,Patrick Mahomes II,KC,QB3,6,3 out of 5 stars,-
4,1,Lamar Jackson,BAL,QB4,14,4 out of 5 stars,-
5,2,Anthony Richardson,IND,QB5,14,5 out of 5 stars,-
6,2,Christian McCaffrey,SF,RB1,9,2 out of 5 stars,-
7,2,C.J. Stroud,HOU,QB6,14,2 out of 5 stars,-
8,2,CeeDee Lamb,DAL,WR1,7,3 out of 5 stars,-
9,2,Joe Burrow,CIN,QB7,12,2 out of 5 stars,-
10,2,Tyreek Hill,MIA,WR2,6,2 out of 5 stars,-
11,2,Kyler Murray,ARI,QB8,11,2 out of 5 stars,-
12,2,Dak Prescott,DAL,QB9,7,2 out of 5 stars,-
13,2,Ja'Marr Chase,CIN,WR3,12,2 out of 5 stars,-
14,3,Bijan Robinson,ATL,RB2,12,4 out of 5 stars,-
15,3,Justin Jefferson,MIN,WR4,6,3 out of 5 stars,-
16,3,Amon-Ra St. Brown,DET,WR5,5,4 out of 5 stars,-
17,3,Breece Hall,NYJ,RB3,12,2 out of 5 stars,-
18,3,Jordan Love,GB,QB10,10,5 out of 5 stars,-
19,3,Brock Purdy,SF,QB11,9,2 out of 5 stars,-
20,3,A.J. Brown,PHI,WR6,5,2 out of 5 stars,-
21,3,Garrett Wilson,NYJ,WR7,12,4 out of 5 stars,-
22,4,Puka Nacua,LAR,WR8,6,3 out of 5 stars,-
23,4,Jahmyr Gibbs,DET,RB4,5,3 out of 5 stars,-
24,4,Jonathan Taylor,IND,RB5,14,2 out of 5 stars,-
25,4,Jayden Daniels,WAS,QB12,14,3 out of 5 stars,-
26,4,Tua Tagovailoa,MIA,QB13,6,2 out of 5 stars,-
27,4,Saquon Barkley,PHI,RB6,5,4 out of 5 stars,-
28,4,Jared Goff,DET,QB14,5,4 out of 5 stars,-
29,4,Marvin Harrison Jr.,ARI,WR9,11,3 out of 5 stars,-
30,4,Caleb Williams,CHI,QB15,7,4 out of 5 stars,-
31,4,Trevor Lawrence,JAC,QB16,12,5 out of 5 stars,-
32,4,Justin Herbert,LAC,QB17,5,2 out of 5 stars,-
33,4,Derrick Henry,BAL,RB7,14,3 out of 5 stars,-
34,4,Kyren Williams,LAR,RB8,6,3 out of 5 stars,-
35,4,Davante Adams,LV,WR10,10,3 out of 5 stars,-
36,4,Chris Olave,NO,WR11,12,3 out of 5 stars,-
37,5,Travis Etienne Jr.,JAC,RB9,12,2 out of 5 stars,-
38,5,Brandon Aiyuk,SF,WR12,9,2 out of 5 stars,-
39,5,Drake London,ATL,WR13,12,4 out of 5 stars,-
40,5,Kirk Cousins,ATL,QB18,12,3 out of 5 stars,-
41,5,Mike Evans,TB,WR14,11,3 out of 5 stars,-
42,5,Isiah Pacheco,KC,RB10,6,3 out of 5 stars,-
43,5,Nico Collins,HOU,WR15,14,3 out of 5 stars,-
44,5,Deebo Samuel Sr.,SF,WR16,9,2 out of 5 stars,-
45,5,Jaylen Waddle,MIA,WR17,6,2 out of 5 stars,-
46,5,Matthew Stafford,LAR,QB19,6,4 out of 5 stars,-
47,5,Travis Kelce,KC,TE1,6,3 out of 5 stars,-
48,5,Sam LaPorta,DET,TE2,5,3 out of 5 stars,-
49,5,DJ Moore,CHI,WR18,7,4 out of 5 stars,-
50,5,DK Metcalf,SEA,WR19,10,3 out of 5 stars,-
51,5,De'Von Achane,MIA,RB11,6,3 out of 5 stars,-
52,5,Michael Pittman Jr.,IND,WR20,14,4 out of 5 stars,-
53,6,Aaron Rodgers,NYJ,QB20,12,2 out of 5 stars,-
54,6,Deshaun Watson,CLE,QB21,10,4 out of 5 stars,-
55,6,Cooper Kupp,LAR,WR21,6,3 out of 5 stars,-
56,6,DeVonta Smith,PHI,WR22,5,2 out of 5 stars,-
57,6,Rachaad White,TB,RB12,11,5 out of 5 stars,-
58,6,Joe Mixon,HOU,RB13,14,3 out of 5 stars,-
59,6,Amari Cooper,CLE,WR23,10,3 out of 5 stars,-
60,6,Josh Jacobs,GB,RB14,10,1 out of 5 stars,-
61,6,Baker Mayfield,TB,QB22,11,2 out of 5 stars,-
62,6,Geno Smith,SEA,QB23,10,3 out of 5 stars,-
63,6,James Cook,BUF,RB15,12,2 out of 5 stars,-
64,6,Malik Nabers,NYG,WR24,11,3 out of 5 stars,-
65,6,Stefon Diggs,HOU,WR25,14,3 out of 5 stars,-
66,6,Will Levis,TEN,QB24,5,5 out of 5 stars,-
67,6,George Pickens,PIT,WR26,9,1 out of 5 stars,-
68,6,Mark Andrews,BAL,TE3,14,3 out of 5 stars,-
69,6,Kenneth Walker III,SEA,RB16,10,4 out of 5 stars,-
70,6,Trey McBride,ARI,TE4,11,5 out of 5 stars,-
71,6,Tee Higgins,CIN,WR27,12,2 out of 5 stars,-
72,6,Alvin Kamara,NO,RB17,12,5 out of 5 stars,-
73,6,Zay Flowers,BAL,WR28,14,3 out of 5 stars,-
74,6,Tank Dell,HOU,WR29,14,3 out of 5 stars,-
75,7,Derek Carr,NO,QB25,12,4 out of 5 stars,-
76,7,Christian Kirk,JAC,WR30,12,4 out of 5 stars,-
77,7,Terry McLaurin,WAS,WR31,14,3 out of 5 stars,-
78,7,Keenan Allen,CHI,WR32,7,4 out of 5 stars,-
79,7,David Montgomery,DET,RB18,5,3 out of 5 stars,-
80,7,Aaron Jones,MIN,RB19,6,3 out of 5 stars,-
81,7,Rhamondre Stevenson,NE,RB20,14,2 out of 5 stars,-
82,7,Daniel Jones,NYG,QB26,11,2 out of 5 stars,-
83,7,James Conner,ARI,RB21,11,2 out of 5 stars,-
84,7,Dalton Kincaid,BUF,TE5,12,2 out of 5 stars,-
85,7,Chris Godwin,TB,WR33,11,3 out of 5 stars,-
86,7,Zamir White,LV,RB22,10,3 out of 5 stars,-
87,7,Najee Harris,PIT,RB23,9,4 out of 5 stars,-
88,7,Calvin Ridley,TEN,WR34,5,4 out of 5 stars,-
89,7,D'Andre Swift,CHI,RB24,7,2 out of 5 stars,-
90,7,Diontae Johnson,CAR,WR35,11,5 out of 5 stars,-
91,7,Jayden Reed,GB,WR36,10,4 out of 5 stars,-
92,7,Raheem Mostert,MIA,RB25,6,3 out of 5 stars,-
93,7,George Kittle,SF,TE6,9,4 out of 5 stars,-
94,7,Rashee Rice,KC,WR37,6,3 out of 5 stars,-
95,7,Bryce Young,CAR,QB27,11,5 out of 5 stars,-
96,7,Kyle Pitts,ATL,TE7,12,3 out of 5 stars,-
97,7,Tony Pollard,TEN,RB26,5,3 out of 5 stars,-
98,7,Russell Wilson,PIT,QB28,9,2 out of 5 stars,-
99,7,DeAndre Hopkins,TEN,WR38,5,4 out of 5 stars,-
100,7,Hollywood Brown,KC,WR39,6,3 out of 5 stars,-
101,8,Jaylen Warren,PIT,RB27,9,4 out of 5 stars,-
102,8,Brian Robinson Jr.,WAS,RB28,14,3 out of 5 stars,-
103,8,Evan Engram,JAC,TE8,12,3 out of 5 stars,-
104,8,Zack Moss,CIN,RB29,12,3 out of 5 stars,-
105,8,Xavier Worthy,KC,WR40,6,3 out of 5 stars,-
106,8,Javonte Williams,DEN,RB30,14,4 out of 5 stars,-
107,8,Christian Watson,GB,WR41,10,4 out of 5 stars,-
108,8,Devin Singletary,NYG,RB31,11,3 out of 5 stars,-
109,8,Jordan Addison,MIN,WR42,6,3 out of 5 stars,-
110,8,Jaxon Smith-Njigba,SEA,WR43,10,3 out of 5 stars,-
111,8,Jake Ferguson,DAL,TE9,7,2 out of 5 stars,-
112,8,Jonathon Brooks,CAR,RB32,11,4 out of 5 stars,-
113,8,David Njoku,CLE,TE10,10,3 out of 5 stars,-
114,8,Tyjae Spears,TEN,RB33,5,3 out of 5 stars,-
115,8,Courtland Sutton,DEN,WR44,14,2 out of 5 stars,-
116,8,Rome Odunze,CHI,WR45,7,4 out of 5 stars,-
117,8,Ladd McConkey,LAC,WR46,5,3 out of 5 stars,-
118,8,Austin Ekeler,WAS,RB34,14,3 out of 5 stars,-
119,8,Dallas Goedert,PHI,TE11,5,4 out of 5 stars,-
120,8,Gus Edwards,LAC,RB35,5,4 out of 5 stars,-
121,8,Ezekiel Elliott,DAL,RB36,7,3 out of 5 stars,-
122,8,Brock Bowers,LV,TE12,10,4 out of 5 stars,-
123,8,Nick Chubb,CLE,RB37,10,4 out of 5 stars,-
124,8,Tyler Lockett,SEA,WR47,10,3 out of 5 stars,-
125,8,Brian Thomas Jr.,JAC,WR48,12,4 out of 5 stars,-
126,8,Jameson Williams,DET,WR49,5,4 out of 5 stars,-
127,8,Chase Brown,CIN,RB38,12,3 out of 5 stars,-
128,8,Jerome Ford,CLE,RB39,10,4 out of 5 stars,-
129,9,Pat Freiermuth,PIT,TE13,9,3 out of 5 stars,-
130,9,Jakobi Meyers,LV,WR50,10,3 out of 5 stars,-
131,9,Trey Benson,ARI,RB40,11,2 out of 5 stars,-
132,9,Dalton Schultz,HOU,TE14,14,2 out of 5 stars,-
133,9,Bo Nix,DEN,QB29,14,2 out of 5 stars,-
134,9,Keon Coleman,BUF,WR51,12,2 out of 5 stars,-
135,9,J.J. McCarthy,MIN,QB30,6,5 out of 5 stars,-
136,9,Zach Charbonnet,SEA,RB41,10,4 out of 5 stars,-
137,9,Curtis Samuel,BUF,WR52,12,2 out of 5 stars,-
138,9,T.J. Hockenson,MIN,TE15,6,2 out of 5 stars,-
139,9,Blake Corum,LAR,RB42,6,3 out of 5 stars,-
140,9,Rashid Shaheed,NO,WR53,12,3 out of 5 stars,-
141,9,Cole Kmet,CHI,TE16,7,3 out of 5 stars,-
142,9,Brandin Cooks,DAL,WR54,7,3 out of 5 stars,-
143,9,Joshua Palmer,LAC,WR55,5,3 out of 5 stars,-
144,9,Mike Williams,NYJ,WR56,12,4 out of 5 stars,-
145,9,Drake Maye,NE,QB31,14,3 out of 5 stars,-
146,9,Romeo Doubs,GB,WR57,10,4 out of 5 stars,-
147,9,Chuba Hubbard,CAR,RB43,11,4 out of 5 stars,-
148,9,Josh Downs,IND,WR58,14,4 out of 5 stars,-
149,9,Jerry Jeudy,CLE,WR59,10,3 out of 5 stars,-
150,9,Antonio Gibson,NE,RB44,14,2 out of 5 stars,-
151,9,Khalil Shakir,BUF,WR60,12,2 out of 5 stars,-
152,9,Ty Chandler,MIN,RB45,6,3 out of 5 stars,-
153,9,Rico Dowdle,DAL,RB46,7,3 out of 5 stars,-
154,9,Luke Musgrave,GB,TE17,10,3 out of 5 stars,-
155,9,Jaleel McLaughlin,DEN,RB47,14,4 out of 5 stars,-
156,9,Kendre Miller,NO,RB48,12,5 out of 5 stars,-
157,9,Jahan Dotson,WAS,WR61,14,3 out of 5 stars,-
158,9,Tyler Allgeier,ATL,RB49,12,4 out of 5 stars,-
159,9,MarShawn Lloyd,GB,RB50,10,1 out of 5 stars,-
160,9,Gabe Davis,JAC,WR62,12,4 out of 5 stars,-
161,9,Hunter Henry,NE,TE18,14,3 out of 5 stars,-
162,9,Adam Thielen,CAR,WR63,11,5 out of 5 stars,-
163,10,Dontayvion Wicks,GB,WR64,10,4 out of 5 stars,-
164,10,Khalil Herbert,CHI,RB51,7,2 out of 5 stars,-
165,10,J.K. Dobbins,LAC,RB52,5,4 out of 5 stars,-
166,10,Adonai Mitchell,IND,WR65,14,4 out of 5 stars,-
167,10,DeMario Douglas,NE,WR66,14,3 out of 5 stars,-
168,10,Michael Wilson,ARI,WR67,11,3 out of 5 stars,-
169,10,Cade Otton,TB,TE19,11,3 out of 5 stars,-
170,10,Rashod Bateman,BAL,WR68,14,3 out of 5 stars,-
171,10,Marvin Mims Jr.,DEN,WR69,14,2 out of 5 stars,-
172,10,Roschon Johnson,CHI,RB53,7,2 out of 5 stars,-
173,10,Quentin Johnston,LAC,WR70,5,3 out of 5 stars,-
174,10,Xavier Legette,CAR,WR71,11,5 out of 5 stars,-
175,10,Elijah Mitchell,SF,RB54,9,2 out of 5 stars,-
176,10,Tyler Conklin,NYJ,TE20,12,3 out of 5 stars,-
177,10,Ray Davis,BUF,RB55,12,2 out of 5 stars,-
178,10,Darnell Mooney,ATL,WR72,12,4 out of 5 stars,-
179,10,Ja'Lynn Polk,NE,WR73,14,3 out of 5 stars,-
180,10,Taysom Hill,NO,TE21,12,4 out of 5 stars,-
181,10,Justin Fields,PIT,QB32,9,2 out of 5 stars,-
182,10,Gardner Minshew II,LV,QB33,10,2 out of 5 stars,-
183,10,Chigoziem Okonkwo,TEN,TE22,5,4 out of 5 stars,-
184,10,Jaylen Wright,MIA,RB56,6,3 out of 5 stars,-
185,10,Wan'Dale Robinson,NYG,WR74,11,3 out of 5 stars,-
186,10,Jermaine Burton,CIN,WR75,12,2 out of 5 stars,-
187,10,Juwan Johnson,NO,TE23,12,4 out of 5 stars,-
188,10,Noah Fant,SEA,TE24,10,3 out of 5 stars,-
189,10,Dameon Pierce,HOU,RB57,14,3 out of 5 stars,-
190,10,Ricky Pearsall,SF,WR76,9,2 out of 5 stars,-
191,10,Ben Sinnott,WAS,TE25,14,2 out of 5 stars,-
192,10,Bucky Irving,TB,RB58,11,5 out of 5 stars,-
193,10,Isaiah Likely,BAL,TE26,14,3 out of 5 stars,-
194,10,Demarcus Robinson,LAR,WR77,6,3 out of 5 stars,-
195,10,Kimani Vidal,LAC,RB59,5,4 out of 5 stars,-
196,10,Sam Darnold,MIN,QB34,6,5 out of 5 stars,-
197,10,Roman Wilson,PIT,WR78,9,1 out of 5 stars,-
198,10,Elijah Moore,CLE,WR79,10,3 out of 5 stars,-
199,10,Troy Franklin,DEN,WR80,14,2 out of 5 stars,-
200,10,D'Onta Foreman,CLE,RB60,10,4 out of 5 stars,-
201,10,Javon Baker,NE,WR81,14,3 out of 5 stars,-
202,10,Braelon Allen,NYJ,RB61,12,2 out of 5 stars,-
203,10,Audric Estime,DEN,RB62,14,4 out of 5 stars,-
204,10,Tucker Kraft,GB,TE27,10,3 out of 5 stars,-
205,10,Alexander Mattison,LV,RB63,10,3 out of 5 stars,-
206,10,Keaton Mitchell,BAL,RB64,14,3 out of 5 stars,-
207,10,Jalin Hyatt,NYG,WR82,11,3 out of 5 stars,-
208,10,Darius Slayton,NYG,WR83,11,3 out of 5 stars,-
209,11,Clyde Edwards-Helaire,KC,RB65,6,3 out of 5 stars,-
210,11,Kenneth Gainwell,PHI,RB66,5,4 out of 5 stars,-
211,11,Mike Gesicki,CIN,TE28,12,3 out of 5 stars,-
212,11,AJ Dillon,GB,RB67,10,1 out of 5 stars,-
213,11,Zay Jones,ARI,WR84,11,3 out of 5 stars,-
214,11,Tyler Boyd,TEN,WR85,5,4 out of 5 stars,-
215,11,Malachi Corley,NYJ,WR86,12,4 out of 5 stars,-
216,11,Miles Sanders,CAR,RB68,11,4 out of 5 stars,-
217,11,Kendrick Bourne,NE,WR87,14,3 out of 5 stars,-
218,11,Tyrone Tracy Jr.,NYG,RB69,11,3 out of 5 stars,-
219,11,Rondale Moore,ATL,WR88,12,4 out of 5 stars,-
220,11,Tank Bigsby,JAC,RB70,12,2 out of 5 stars,-
221,11,Justice Hill,BAL,RB71,14,3 out of 5 stars,-
222,11,Jelani Woods,IND,TE29,14,3 out of 5 stars,-
223,11,Odell Beckham Jr.,MIA,WR89,6,2 out of 5 stars,-
224,11,Michael Mayer,LV,TE30,10,4 out of 5 stars,-
225,11,DJ Chark Jr.,LAC,WR90,5,3 out of 5 stars,-
226,11,Jamaal Williams,NO,RB72,12,5 out of 5 stars,-
227,11,A.T. Perry,NO,WR91,12,3 out of 5 stars,-
228,11,Treylon Burks,TEN,WR92,5,4 out of 5 stars,-
229,11,Jonathan Mingo,CAR,WR93,11,5 out of 5 stars,-
230,11,Jalen McMillan,TB,WR94,11,3 out of 5 stars,-
231,11,Ja'Tavion Sanders,CAR,TE31,11,3 out of 5 stars,-
232,11,Samaje Perine,DEN,RB73,14,4 out of 5 stars,-
233,11,Devontez Walker,BAL,WR95,14,3 out of 5 stars,-
234,11,Dawson Knox,BUF,TE32,12,2 out of 5 stars,-
235,11,Alec Pierce,IND,WR96,14,4 out of 5 stars,-
236,11,Trey Palmer,TB,WR97,11,3 out of 5 stars,-
237,11,Josh Reynolds,DEN,WR98,14,2 out of 5 stars,-
238,11,K.J. Osborn,NE,WR99,14,3 out of 5 stars,-
239,11,Will Shipley,PHI,RB74,5,4 out of 5 stars,-
240,11,Cedric Tillman,CLE,WR100,10,3 out of 5 stars,-
241,11,Gerald Everett,CHI,TE33,7,3 out of 5 stars,-
242,11,Aidan O'Connell,LV,QB35,10,2 out of 5 stars,-
243,11,Andrei Iosivas,CIN,WR101,12,2 out of 5 stars,-
244,11,Dylan Laube,LV,RB75,10,3 out of 5 stars,-
245,11,Trey Sermon,IND,RB76,14,2 out of 5 stars,-
246,11,Jonnu Smith,MIA,TE34,6,2 out of 5 stars,-
247,11,Evan Hull,IND,RB77,14,2 out of 5 stars,-
248,11,Tyler Higbee,LAR,TE35,6,3 out of 5 stars,-
249,11,Deuce Vaughn,DAL,RB78,7,3 out of 5 stars,-
250,11,Jordan Mason,SF,RB79,9,2 out of 5 stars,-
251,12,Jeff Wilson Jr.,MIA,RB80,6,3 out of 5 stars,-
252,12,Michael Carter,ARI,RB81,11,2 out of 5 stars,-
253,12,Kadarius Toney,KC,WR102,6,3 out of 5 stars,-
254,12,Luke McCaffrey,WAS,WR103,14,3 out of 5 stars,-
255,12,D'Ernest Johnson,JAC,RB82,12,2 out of 5 stars,-
256,12,Noah Brown,HOU,WR104,14,3 out of 5 stars,-
257,12,Greg Dulcich,DEN,TE36,14,2 out of 5 stars,-
258,12,Isaac Guerendo,SF,RB83,9,2 out of 5 stars,-
259,12,Brenden Rice,LAC,WR105,5,3 out of 5 stars,-
260,12,Zach Ertz,WAS,TE37,14,2 out of 5 stars,-
261,12,Chris Rodriguez Jr.,WAS,RB84,14,3 out of 5 stars,-
262,12,Cordarrelle Patterson,PIT,RB85,9,4 out of 5 stars,-
263,12,Pierre Strong Jr.,CLE,RB86,10,4 out of 5 stars,-
264,12,Israel Abanikanda,NYJ,RB87,12,2 out of 5 stars,-
265,12,Eric Gray,NYG,RB88,11,3 out of 5 stars,-
266,12,Chase Edmonds,TB,RB89,11,5 out of 5 stars,-
267,12,Michael Thomas,FA,WR106,-,-,-
268,12,Emari Demercado,ARI,RB90,11,2 out of 5 stars,-
269,12,Jacob Cowing,SF,WR107,9,2 out of 5 stars,-
270,12,Tyler Scott,CHI,WR108,7,4 out of 5 stars,-
271,12,Jacoby Brissett,NE,QB36,14,3 out of 5 stars,-
272,12,Robert Woods,HOU,WR109,14,3 out of 5 stars,-
273,12,Jerick McKinnon,FA,RB91,-,-,-
274,12,Kareem Hunt,FA,RB92,-,-,-
275,12,Ronnie Rivers,LAR,RB93,6,3 out of 5 stars,-
276,12,Greg Dortch,ARI,WR110,11,3 out of 5 stars,-
277,12,Jalen Tolbert,DAL,WR111,7,3 out of 5 stars,-
278,12,Daniel Bellinger,NYG,TE38,11,4 out of 5 stars,-
279,12,Cam Akers,HOU,RB94,14,3 out of 5 stars,-
280,12,Colby Parkinson,LAR,TE39,6,3 out of 5 stars,-
281,12,Isaiah Spiller,LAC,RB95,5,4 out of 5 stars,-
282,12,Michael Penix Jr.,ATL,QB37,12,3 out of 5 stars,-
283,12,Hayden Hurst,LAC,TE40,5,3 out of 5 stars,-
284,12,Dalvin Cook,FA,RB96,-,-,-
285,12,Tutu Atwell,LAR,WR112,6,3 out of 5 stars,-
286,12,Salvon Ahmed,MIA,RB97,6,3 out of 5 stars,-
287,12,Theo Johnson,NYG,TE41,11,4 out of 5 stars,-
288,12,Joshua Kelley,FA,RB98,-,-,-
289,12,Rasheen Ali,BAL,RB99,14,3 out of 5 stars,-
290,12,Marquez Valdes-Scantling,BUF,WR113,12,2 out of 5 stars,-
291,12,JuJu Smith-Schuster,NE,WR114,14,3 out of 5 stars,-
292,12,Malik Washington,MIA,WR115,6,2 out of 5 stars,-
293,13,Matt Breida,FA,RB100,-,-,-
294,13,Tre Tucker,LV,WR116,10,3 out of 5 stars,-
295,13,Kalif Raymond,DET,WR117,5,4 out of 5 stars,-
296,13,Nelson Agholor,BAL,WR118,14,3 out of 5 stars,-
297,13,Donovan Peoples-Jones,DET,WR119,5,4 out of 5 stars,-
298,13,Skyy Moore,KC,WR120,6,3 out of 5 stars,-
299,13,Calvin Austin III,PIT,WR121,9,1 out of 5 stars,-
300,13,Hunter Renfrow,FA,WR122,-,-,-
301,13,Van Jefferson,PIT,WR123,9,1 out of 5 stars,-
302,13,Bo Melton,GB,WR124,10,4 out of 5 stars,-
303,13,Jauan Jennings,SF,WR125,9,2 out of 5 stars,-
304,13,Allen Lazard,NYJ,WR126,12,4 out of 5 stars,-
305,13,Deneric Prince,KC,RB101,6,3 out of 5 stars,-
306,13,Logan Thomas,SF,TE42,9,4 out of 5 stars,-
307,13,Donald Parham Jr.,LAC,TE43,5,3 out of 5 stars,-
308,13,Michael Gallup,FA,WR127,-,-,-
309,13,Xavier Gipson,NYJ,WR128,12,4 out of 5 stars,-
310,13,Ty Johnson,BUF,RB102,12,2 out of 5 stars,-
311,13,Royce Freeman,DAL,RB103,7,3 out of 5 stars,-
312,13,John Metchie III,HOU,WR129,14,3 out of 5 stars,-
313,13,Jawhar Jordan,HOU,RB104,14,3 out of 5 stars,-
314,13,Erick All Jr.,CIN,TE44,12,3 out of 5 stars,-
315,13,Keaontay Ingram,KC,RB105,6,3 out of 5 stars,-
316,13,Will Dissly,LAC,TE45,5,3 out of 5 stars,-
317,13,Noah Gray,KC,TE46,6,3 out of 5 stars,-
318,13,Tim Patrick,DEN,WR130,14,2 out of 5 stars,-
319,13,Ainias Smith,PHI,WR131,5,2 out of 5 stars,-
320,13,Kylen Granson,IND,TE47,14,3 out of 5 stars,-
321,13,Craig Reynolds,DET,RB106,5,3 out of 5 stars,-
322,13,Parris Campbell,PHI,WR132,5,2 out of 5 stars,-
323,13,Tanner Hudson,CIN,TE48,12,3 out of 5 stars,-
324,13,Latavius Murray,FA,RB107,-,-,-
325,13,Cedrick Wilson Jr.,NO,WR133,12,3 out of 5 stars,-
326,13,Brandon Powell,MIN,WR134,6,3 out of 5 stars,-
327,13,Justin Watson,KC,WR135,6,3 out of 5 stars,-
328,13,Parker Washington,JAC,WR136,12,4 out of 5 stars,-
329,13,Johnny Wilson,PHI,WR137,5,2 out of 5 stars,-
330,13,Jeremy Ruckert,NYJ,TE49,12,3 out of 5 stars,-
331,13,Isaiah Davis,NYJ,RB108,12,2 out of 5 stars,-
332,13,Kenny Pickett,PHI,QB38,5,2 out of 5 stars,-
333,13,Cade Stover,HOU,TE50,14,2 out of 5 stars,-
334,13,Brevin Jordan,HOU,TE51,14,2 out of 5 stars,-
335,13,Blake Watson,DEN,RB109,14,4 out of 5 stars,-
336,13,Davis Allen,LAR,TE52,6,3 out of 5 stars,-
337,13,Jaheim Bell,NE,TE53,14,3 out of 5 stars,-
338,13,Johnny Mundt,MIN,TE54,6,2 out of 5 stars,-
339,13,Xavier Hutchinson,HOU,WR138,14,3 out of 5 stars,-
340,13,Chase Claypool,BUF,WR139,12,2 out of 5 stars,-
341,13,Trenton Irwin,CIN,WR140,12,2 out of 5 stars,-
342,13,Sam Howell,SEA,QB39,10,3 out of 5 stars,-
343,13,Frank Gore Jr.,BUF,RB110,12,2 out of 5 stars,-
344,13,Mack Hollins,BUF,WR141,12,2 out of 5 stars,-
345,13,Adam Trautman,DEN,TE55,14,2 out of 5 stars,-
346,13,Austin Hooper,NE,TE56,14,3 out of 5 stars,-
347,13,Josh Oliver,MIN,TE57,6,2 out of 5 stars,-
348,13,Nick Westbrook-Ikhine,TEN,WR142,5,4 out of 5 stars,-
349,13,Ameer Abdullah,LV,RB111,10,3 out of 5 stars,-
350,13,Chris Moore,ARI,WR143,11,3 out of 5 stars,-
351,14,Drew Lock,NYG,QB40,11,2 out of 5 stars,-
352,14,Nyheim Hines,CLE,RB112,10,4 out of 5 stars,-
353,14,Jase McClellan,ATL,RB113,12,4 out of 5 stars,-
354,14,Jamari Thrash,CLE,WR144,10,3 out of 5 stars,-
355,14,Mac Jones,JAC,QB41,12,5 out of 5 stars,-
356,14,Sean Tucker,TB,RB114,11,5 out of 5 stars,-
357,14,Emeka Egbuka,FA,WR145,-,-,-
358,14,Cody Schrader,SF,RB115,9,2 out of 5 stars,-
359,14,Robert Tonyan,MIN,TE58,6,2 out of 5 stars,-
360,14,KaVontae Turpin,DAL,WR146,7,3 out of 5 stars,-
361,14,Darnell Washington,PIT,TE59,9,3 out of 5 stars,-
362,14,Tommy Tremble,CAR,TE60,11,3 out of 5 stars,-
363,14,Luke Schoonmaker,DAL,TE61,7,2 out of 5 stars,-
364,14,Foster Moreau,NO,TE62,12,4 out of 5 stars,-
365,14,Quez Watkins,PIT,WR147,9,1 out of 5 stars,-
366,14,Trayveon Williams,CIN,RB116,12,3 out of 5 stars,-
367,14,Lucas Krull,DEN,TE63,14,2 out of 5 stars,-
368,14,Jared Wiley,KC,TE64,6,3 out of 5 stars,-
369,14,Kyle Juszczyk,SF,RB117,9,2 out of 5 stars,-
370,14,Jalen Brooks,DAL,WR148,7,3 out of 5 stars,-
371,14,Kenny McIntosh,SEA,RB118,10,4 out of 5 stars,-
372,14,Kendall Milton,PHI,RB119,5,4 out of 5 stars,-
373,14,Braxton Berrios,MIA,WR149,6,2 out of 5 stars,-
374,14,Isaiah McKenzie,NYG,WR150,11,3 out of 5 stars,-
375,14,Mecole Hardman Jr.,KC,WR151,6,3 out of 5 stars,-
376,14,Ryan Flournoy,DAL,WR152,7,3 out of 5 stars,-
377,14,DeeJay Dallas,ARI,RB120,11,2 out of 5 stars,-
378,14,Trent Sherfield Sr.,MIN,WR153,6,3 out of 5 stars,-
379,14,Malik Davis,DAL,RB121,7,3 out of 5 stars,-
380,14,Brock Wright,DET,TE65,5,3 out of 5 stars,-
381,14,Will Mallory,IND,TE66,14,3 out of 5 stars,-
382,14,AJ Barner,SEA,TE67,10,3 out of 5 stars,-
383,14,Isaiah Hodgins,NYG,WR154,11,3 out of 5 stars,-
384,14,Terrace Marshall Jr.,CAR,WR155,11,5 out of 5 stars,-
385,14,Cole Turner,WAS,TE68,14,2 out of 5 stars,-
386,14,Casey Washington,ATL,WR156,12,4 out of 5 stars,-
387,14,Charlie Jones,CIN,WR157,12,2 out of 5 stars,-
388,14,Boston Scott,LAR,RB122,6,3 out of 5 stars,-
389,14,Tyquan Thornton,NE,WR158,14,3 out of 5 stars,-
390,14,David Bell,CLE,WR159,10,3 out of 5 stars,-
391,14,Durham Smythe,MIA,TE69,6,2 out of 5 stars,-
392,14,Kyle Philips,TEN,WR160,5,4 out of 5 stars,-
393,14,Jordan Whittington,LAR,WR161,6,3 out of 5 stars,-
394,14,Joe Flacco,IND,QB42,14,5 out of 5 stars,-
395,14,Kevin Harris,NE,RB123,14,2 out of 5 stars,-
396,14,Bub Means,NO,WR162,12,3 out of 5 stars,-
397,14,Jake Bobo,SEA,WR163,10,3 out of 5 stars,-
398,14,Jamison Crowder,WAS,WR164,14,3 out of 5 stars,-
399,14,Jalen Nailor,MIN,WR165,6,3 out of 5 stars,-
400,14,Irv Smith Jr.,KC,TE70,6,3 out of 5 stars,-
401,14,Olamide Zaccheaus,WAS,WR166,14,3 out of 5 stars,-
402,14,Scotty Miller,PIT,WR167,9,1 out of 5 stars,-
403,14,Denzel Mims,JAC,WR168,12,4 out of 5 stars,-
404,14,Josh Whyle,TEN,TE71,5,4 out of 5 stars,-
405,14,Dillon Johnson,FA,RB124,-,-,-
406,14,Josh Crockett,FA,WR169,-,-,-
407,14,Ray-Ray McCloud III,ATL,WR170,12,4 out of 5 stars,-
408,14,Marcus Rosemy-Jacksaint,WAS,WR171,14,3 out of 5 stars,-
409,14,Cornelius Johnson,LAC,WR172,5,3 out of 5 stars,-
410,14,Kene Nwangwu,MIN,RB125,6,3 out of 5 stars,-
411,14,Hassan Haskins,TEN,RB126,5,3 out of 5 stars,-
412,14,Zach Evans,LAR,RB127,6,3 out of 5 stars,-
413,14,Jaret Patterson,LAC,RB128,5,4 out of 5 stars,-
414,14,Dylan Parham,FA,TE72,-,-,-
415,14,Jha'Quan Jackson,TEN,WR173,5,4 out of 5 stars,-
416,14,Devin Duvernay,JAC,WR174,12,4 out of 5 stars,-
417,14,Jalen Coker,CAR,WR175,11,5 out of 5 stars,-
418,14,Connor Heyward,PIT,TE73,9,3 out of 5 stars,-
419,14,Donovan Edwards,FA,RB129,-,-,-
420,14,Harrison Bryant,LV,TE74,10,4 out of 5 stars,-
421,14,Isaiah Williams,FA,WR176,-,-,-
422,14,Austin Mack,ATL,WR177,12,4 out of 5 stars,-
423,14,Avery Williams,ATL,RB130,12,4 out of 5 stars,-
424,14,Dyami Brown,WAS,WR178,14,3 out of 5 stars,-
425,14,Jordan Akins,CLE,TE75,10,3 out of 5 stars,-
426,14,Mo Alie-Cox,IND,TE76,14,3 out of 5 stars,-
427,15,Tahj Washington,MIA,WR179,6,2 out of 5 stars,-
428,15,Tyler Goodson,IND,RB131,14,2 out of 5 stars,-
429,15,Zach Pascal,ARI,WR180,11,3 out of 5 stars,-
430,15,Pharaoh Brown,SEA,TE77,10,3 out of 5 stars,-
431,15,Dare Ogunbowale,HOU,RB132,14,3 out of 5 stars,-
432,15,Allen Robinson II,NYG,WR181,11,3 out of 5 stars,-
433,15,Keilan Robinson,JAC,RB133,12,2 out of 5 stars,-
434,15,Dante Pettis,CHI,WR182,7,4 out of 5 stars,-
435,15,Chris Brooks,MIA,RB134,6,3 out of 5 stars,-
436,15,Dallin Holker,NO,TE78,12,4 out of 5 stars,-
437,15,Daijun Edwards,PIT,RB135,9,4 out of 5 stars,-
438,15,Jalen Guyton,LV,WR183,10,3 out of 5 stars,-
439,15,KhaDarel Hodge,ATL,WR184,12,4 out of 5 stars,-
440,15,Justyn Ross,KC,WR185,6,3 out of 5 stars,-
441,15,Drew Sample,CIN,TE79,12,3 out of 5 stars,-
442,15,Tip Reiman,ARI,TE80,11,5 out of 5 stars,-
443,15,Derius Davis,LAC,WR186,5,3 out of 5 stars,-
444,15,Louis Rees-Zammit,KC,RB136,6,3 out of 5 stars,-
445,15,Michael Wiley,WAS,RB137,14,3 out of 5 stars,-
446,15,Deonte Harty,BAL,WR187,14,3 out of 5 stars,-
447,15,Zonovan Knight,DET,RB138,5,3 out of 5 stars,-
448,15,Leonard Fournette,FA,RB139,-,-,-
449,15,Devaughn Vele,DEN,WR188,14,2 out of 5 stars,-
450,15,Laviska Shenault Jr.,SEA,WR189,10,3 out of 5 stars,-
451,15,Xavier Weaver,ARI,WR190,11,3 out of 5 stars,-
452,15,Emanuel Wilson,GB,RB140,10,1 out of 5 stars,-
453,15,Sione Vaki,DET,RB141,5,3 out of 5 stars,-
454,15,Carson Steele,KC,RB142,6,3 out of 5 stars,-
455,15,Anthony Gould,IND,WR191,14,4 out of 5 stars,-
456,15,Bryson Nesbit,FA,TE81,-,-,-
457,15,Raheem Blackshear,CAR,RB143,11,4 out of 5 stars,-
458,15,Patrick Taylor Jr.,SF,RB144,9,2 out of 5 stars,-
459,15,Hunter Luepke,DAL,RB145,7,3 out of 5 stars,-
460,15,Brenton Strange,JAC,TE82,12,3 out of 5 stars,-
461,15,Isaiah Williams,DET,WR192,5,4 out of 5 stars,-
462,16,TreVeyon Henderson,FA,RB146,-,-,-
463,16,Chris Evans,CIN,RB147,12,3 out of 5 stars,-
464,16,Logan Parker,FA,TE83,-,-,-
465,16,Jason Brownlee,NYJ,WR193,12,4 out of 5 stars,-
466,16,Ronnie Bell,SF,WR194,9,2 out of 5 stars,-
467,16,Malik Heath,GB,WR195,10,4 out of 5 stars,-
468,16,Jody Fortson Jr.,MIA,TE84,6,2 out of 5 stars,-
469,16,Lil'Jordan Humphrey,DEN,WR196,14,2 out of 5 stars,-
470,16,MyCole Pruitt,PIT,TE85,9,3 out of 5 stars,-
471,16,Ian Thomas,CAR,TE86,11,3 out of 5 stars,-
472,16,Elijah Higgins,ARI,TE87,11,5 out of 5 stars,-
473,16,Charlie Woerner,ATL,TE88,12,3 out of 5 stars,-
474,16,Drew Ogletree,IND,TE89,14,3 out of 5 stars,-
475,16,Tanner McLachlan,CIN,TE90,12,3 out of 5 stars,-
476,16,Peyton Hendershot,DAL,TE91,7,2 out of 5 stars,-
477,16,Daniel Helm,FA,TE92,-,-,-
478,16,Luke Farrell,JAC,TE93,12,3 out of 5 stars,-
479,16,Lawrence Cager,NYG,WR197,11,3 out of 5 stars,-
480,16,Gary Brightwell,FA,RB148,-,-,-
481,16,Jack Stoll,NYG,TE94,11,4 out of 5 stars,-
482,16,Jimmy Graham,FA,TE95,-,-,-
483,16,Jack Westover,SEA,TE96,10,3 out of 5 stars,-
484,16,Tyler Davis,FA,WR198,-,-,-
485,16,James Mitchell,DET,TE97,5,3 out of 5 stars,-
486,16,Brycen Hopkins,FA,TE98,-,-,-
487,16,Tucker Fisk,FA,TE99,-,-,-
488,16,Charlie Kolar,BAL,TE100,14,3 out of 5 stars,-
489,16,Payne Durham,TB,TE101,11,3 out of 5 stars,-
490,16,Geoff Swaim,FA,TE102,-,-,-
491,16,Stone Smartt,LAC,TE103,5,3 out of 5 stars,-
492,16,Tyler Mabry,SEA,TE104,10,3 out of 5 stars,-
493,16,John Bates,WAS,TE105,14,2 out of 5 stars,-
494,16,Julian Hill,MIA,TE106,6,2 out of 5 stars,-
495,16,Ross Dwelley,ATL,TE107,12,3 out of 5 stars,-
496,16,Nick Guggemos,FA,TE108,-,-,-
497,16,Teagan Quitoriano,HOU,TE109,14,2 out of 5 stars,-
498,16,Emani Bailey,KC,RB149,6,3 out of 5 stars,-
499,16,Josiah Deguara,JAC,TE110,12,3 out of 5 stars,-
500,16,Quintin Morris,BUF,TE111,12,2 out of 5 stars,-
501,16,Zack Kuntz,NYJ,TE112,12,3 out of 5 stars,-
502,16,Tommy Hudson,NO,TE113,12,4 out of 5 stars,-
503,16,Albert Okwuegbunam Jr.,PHI,TE114,5,4 out of 5 stars,-
504,16,Tyler Kroft,FA,TE115,-,-,-
505,16,Ko Kieft,TB,TE116,11,3 out of 5 stars,-
506,16,Devin Culp,TB,TE117,11,3 out of 5 stars,-
507,16,Jamal Agnew,FA,WR199,-,-,-
508,16,Reggie Gilliam,BUF,RB150,12,2 out of 5 stars,-
509,16,Alec Ingold,MIA,RB151,6,3 out of 5 stars,-
510,16,Darrynton Evans,BUF,RB152,12,2 out of 5 stars,-
511,16,Ronald Jones II,FA,RB153,-,-,-
512,16,Jonathan Ward,PIT,RB154,9,4 out of 5 stars,-
513,16,Patrick Ricard,BAL,RB155,14,3 out of 5 stars,-
514,16,C.J. Ham,MIN,RB156,6,3 out of 5 stars,-
515,16,Mason Tipton,NO,WR200,12,3 out of 5 stars,-
516,16,Lew Nichols III,PHI,RB157,5,4 out of 5 stars,-
517,16,George Holani,SEA,RB158,10,4 out of 5 stars,-
518,16,Hunter Long,LAR,TE118,6,3 out of 5 stars,-
519,16,Mike Strachan,CAR,WR201,11,5 out of 5 stars,-
520,16,Ty Montgomery II,FA,RB159,-,-,-
521,16,Jordan Scarlett,FA,RB160,-,-,-
522,16,Anthony McFarland Jr.,FA,RB161,-,-,-
523,16,Michael Burton,DEN,RB162,14,4 out of 5 stars,-
524,16,Brandon Bolden,FA,RB163,-,-,-
525,16,Derrick Gore,FA,RB164,-,-,-
526,16,Jermar Jefferson,DET,RB165,5,3 out of 5 stars,-
527,16,Mike Boone,CAR,RB166,11,4 out of 5 stars,-
528,16,Demetric Felton Jr.,CHI,RB167,7,2 out of 5 stars,-
529,16,Dontrell Hilliard,FA,RB168,-,-,-
530,16,Julius Chestnut,TEN,RB169,5,3 out of 5 stars,-
531,16,Jashaun Corbin,NYG,RB170,11,3 out of 5 stars,-
532,16,Snoop Conner,DAL,RB171,7,3 out of 5 stars,-
533,16,Tony Jones Jr.,ARI,RB172,11,2 out of 5 stars,-
534,16,Tyrion Davis-Price,PHI,RB173,5,4 out of 5 stars,-
535,16,Nick Bawden,FA,RB174,-,-,-
536,16,Jonathan Williams,FA,RB175,-,-,-
537,16,Wendell Smallwood,FA,RB176,-,-,-
538,16,Patrick Laird,FA,RB177,-,-,-
539,16,Pooka Williams Jr.,FA,RB178,-,-,-
540,16,Devine Ozigbo,FA,RB179,-,-,-
541,16,Brandon Johnson,FA,RB180,-,-,-
542,16,Deon Jackson,FA,RB181,-,-,-
543,16,Ty James,MIN,WR202,6,3 out of 5 stars,-
544,16,Ihmir Smith-Marsette,CAR,WR203,11,5 out of 5 stars,-
545,16,Devron Harper,FA,WR204,-,-,-
546,16,Russell Gage,FA,WR205,-,-,-
547,16,Deven Thompkins,CAR,WR206,11,5 out of 5 stars,-
548,16,N'Keal Harry,MIN,WR207,6,3 out of 5 stars,-
549,16,Marquez Callaway,FA,WR208,-,-,-
550,16,Lynn Bowden Jr.,FA,WR209,-,-,-
551,16,David Moore,CAR,WR210,11,5 out of 5 stars,-
552,16,Equanimeous St. Brown,NO,WR211,12,3 out of 5 stars,-
553,16,Tre'Quan Smith,DET,WR212,5,4 out of 5 stars,-
554,16,Keith Kirkwood,BAL,WR213,14,3 out of 5 stars,-
555,16,Bisi Johnson,FA,WR214,-,-,-
556,16,Trishton Jackson,MIN,WR215,6,3 out of 5 stars,-
557,16,Jalen Reagor,NE,WR216,14,3 out of 5 stars,-
558,16,Rakim Jarrett,TB,WR217,11,3 out of 5 stars,-
559,16,Lideatrick Griffin,LV,WR218,10,3 out of 5 stars,-
560,16,Jeff Foreman,LV,WR219,10,3 out of 5 stars,-
561,16,Velus Jones Jr.,CHI,WR220,7,4 out of 5 stars,-
562,16,Dee Eskridge,SEA,WR221,10,3 out of 5 stars,-
563,16,Alex Erickson,FA,WR222,-,-,-
564,16,Marquise Goodwin,FA,WR223,-,-,-
565,16,River Cracraft,MIA,WR224,6,2 out of 5 stars,-
566,16,Tim Jones,JAC,WR225,12,4 out of 5 stars,-
567,16,Tejhaun Palmer,ARI,WR226,11,3 out of 5 stars,-
568,16,DeAndre Carter,CHI,WR227,7,4 out of 5 stars,-
569,16,Ramel Keyton,LV,WR228,10,3 out of 5 stars,-
570,16,Justin Shorter,BUF,WR229,12,2 out of 5 stars,-
571,16,Andy Isabella,BUF,WR230,12,2 out of 5 stars,-
572,16,Lance McCutcheon,NYJ,WR231,12,4 out of 5 stars,-
573,16,KJ Hamler,BUF,WR232,12,2 out of 5 stars,-
574,16,Stanley Morgan Jr.,NO,WR233,12,3 out of 5 stars,-
575,16,Tylan Wallace,BAL,WR234,14,3 out of 5 stars,-
576,16,Quintez Cephus,HOU,WR235,14,3 out of 5 stars,-
577,16,Marvin Jones Jr.,FA,WR236,-,-,-
578,16,Daniel Arias,ARI,WR237,11,3 out of 5 stars,-
579,16,Damiere Byrd,WAS,WR238,14,3 out of 5 stars,-
580,16,Laquon Treadwell,IND,WR239,14,4 out of 5 stars,-
581,16,Kaylon Geiger Sr.,FA,WR240,-,-,-
582,16,Austin Trammell,JAC,WR241,12,4 out of 5 stars,-
583,16,Jeff Cotton Jr.,FA,WR242,-,-,-
584,16,Irvin Charles,NYJ,WR243,12,4 out of 5 stars,-
585,16,Ben Skowronek,HOU,WR244,14,3 out of 5 stars,-
586,16,Juwann Winfree,IND,WR245,14,4 out of 5 stars,-
587,16,Trent Taylor,SF,WR246,9,2 out of 5 stars,-
588,16,Samori Toure,GB,WR247,10,4 out of 5 stars,-
589,16,Randall Cobb,FA,WR248,-,-,-
590,16,D.J. Montgomery,IND,WR249,14,4 out of 5 stars,-
591,16,Willie Snead IV,FA,WR250,-,-,-
592,16,Danny Gray,SF,WR251,9,2 out of 5 stars,-
593,16,James Proche II,CLE,WR252,10,3 out of 5 stars,-
594,16,James Butler,FA,WR253,-,-,-
595,16,Anthony Miller,FA,WR254,-,-,-
596,16,Miles Boykin,NYG,WR255,11,3 out of 5 stars,-
597,16,Penny Hart,FA,WR256,-,-,-
598,16,Raheim Sanders,FA,RB182,-,-,-
599,16,Cody Thompson,TB,WR257,11,3 out of 5 stars,-
600,16,Malik Taylor,NYJ,WR258,12,4 out of 5 stars,-
601,16,Sterling Shepard,TB,WR259,11,3 out of 5 stars,-
602,16,Britain Covey,PHI,WR260,5,2 out of 5 stars,-
603,16,Chris Conley,SF,WR261,9,2 out of 5 stars,-
604,16,Kayshon Boutte,NE,WR262,14,3 out of 5 stars,-
605,16,Richie James Jr.,FA,WR263,-,-,-
606,16,Dax Milne,WAS,WR264,14,3 out of 5 stars,-
607,16,Byron Pringle,FA,WR265,-,-,-
608,16,Marcus Kemp,FA,WR266,-,-,-
609,16,Jaxon Janke,FA,WR267,-,-,-
610,16,Brandon Johnson,DEN,WR268,14,2 out of 5 stars,-
611,16,J. Michael Sturdivant,FA,WR269,-,-,-
612,16,Erik Ezukanma,MIA,WR270,6,2 out of 5 stars,-
613,16,Reggie Begelton,FA,WR271,-,-,-
614,16,Julio Jones,FA,WR272,-,-,-
615,16,Tyre Brady,FA,WR273,-,-,-
616,16,De'Corian Clark,FA,WR274,-,-,-
617,16,Moose Muhammad III,FA,WR275,-,-,-
618,16,Tory Horton,FA,WR276,-,-,-
619,16,Theo Wease,FA,WR277,-,-,-